{
  "身体を休める": {
    "身体": 0.25
  },
  "ゲームデザインのノートを書く": {
    "ゲーム": 0.14285714285714285,
    "デザイン": 0.14285714285714285,
    "ノート": 0.14285714285714285
  },
  "知的プログラミングbの勉強をする": {
    "知的": 0.125,
    "プログラミング": 0.125,
    "b": 0.125,
    "勉強": 0.125
  },
  "履歴書を書く": {
    "履歴": 0.2,
    "書": 0.2
  },
  "留年しない": {
    "留年": 0.25
  },
  "テスト勉強・レポート提出をする": {
    "テスト": 0.125,
    "勉強": 0.125,
    "レポート": 0.125,
    "提出": 0.125
  },
  "レポートやるか": {
    "レポート": 0.25
  },
  "wedシスの課題を終わらせる": {
    "wed": 0.125,
    "シス": 0.125,
    "課題": 0.125
  },
  "卒論提出が間に合わなかった人の特例の救済措置を考えて、学科長の承認を得る。": {
    "卒論": 0.041666666666666664,
    "提出": 0.041666666666666664,
    "人": 0.041666666666666664,
    "特例": 0.041666666666666664,
    "救済": 0.041666666666666664,
    "措置": 0.041666666666666664,
    "学科": 0.041666666666666664,
    "長": 0.041666666666666664,
    "承認": 0.041666666666666664
  },
  "身体を休ませる": {
    "身体": 0.2
  },
  "やるべき事を集中して行うために早めに寝る": {
    "事": 0.07142857142857142,
    "集中": 0.07142857142857142,
    "ため": 0.07142857142857142,
    "早め": 0.07142857142857142
  },
  "レポートを進める": {
    "レポート": 0.25
  },
  "できればよし、できなくてもプラマイゼロと考えることにする。": {
    "プラマイゼロ": 0.0625,
    "こと": 0.0625
  },
  "スライド作成と動画撮影をする": {
    "スライド": 0.125,
    "作成": 0.125,
    "動画": 0.125,
    "撮影": 0.125
  },
  "考えるのを放棄する": {
    "の": 0.16666666666666666,
    "放棄": 0.16666666666666666
  },
  "期限までにレポートを終わらせる": {
    "期限": 0.125,
    "レポート": 0.125
  },
  "レポートを半分終わらせる": {
    "レポート": 0.16666666666666666,
    "半分": 0.16666666666666666
  },
  "レポートおわった": {
    "レポート": 0.25
  },
  "動画を編集する": {
    "動画": 0.2,
    "編集": 0.2
  },
  "レポートをやる": {
    "レポート": 0.25
  },
  "レポートを完成させる": {
    "レポート": 0.16666666666666666,
    "完成": 0.16666666666666666
  },
  "レポート終わらない": {
    "レポート": 0.25
  },
  "レポートを提出する": {
    "レポート": 0.2,
    "提出": 0.2
  },
  "少しでも研究を進める": {
    "研究": 0.16666666666666666
  },
  "レポートを終わらせて提出する。": {
    "レポート": 0.1111111111111111,
    "提出": 0.1111111111111111
  },
  "レポートをなんとしても完成させる": {
    "レポート": 0.1,
    "完成": 0.1
  },
  "サインをもらう": {
    "サイン": 0.25
  },
  "レポートの提出メールを送る": {
    "レポート": 0.14285714285714285,
    "提出": 0.14285714285714285,
    "メール": 0.14285714285714285
  },
  "死ぬ気で大学へ行く": {
    "気": 0.14285714285714285,
    "大学": 0.14285714285714285
  },
  "レポート": {
    "レポート": 0.5
  },
  "レポートを書き終える": {
    "レポート": 0.2
  },
  "早く成績評価を終わらせて、学会に投稿する原稿を書く。": {
    "成績": 0.058823529411764705,
    "評価": 0.058823529411764705,
    "学会": 0.058823529411764705,
    "投稿": 0.058823529411764705,
    "原稿": 0.058823529411764705
  },
  "論文発表会の時に寝ないように頑張る": {
    "論文": 0.08333333333333333,
    "発表": 0.08333333333333333,
    "会": 0.08333333333333333,
    "時": 0.08333333333333333,
    "よう": 0.08333333333333333
  },
  "寒くても起きる": {
  },
  "バイトに遅刻しないようにする": {
    "バイト": 0.1111111111111111,
    "遅刻": 0.1111111111111111,
    "よう": 0.1111111111111111
  },
  "夜ご飯を食べる": {
    "夜": 0.2,
    "ご飯": 0.2
  },
  "ゼミ室の片付けをする": {
    "ゼミ": 0.14285714285714285,
    "室": 0.14285714285714285,
    "片付け": 0.14285714285714285
  },
  "短期的目標を立てて実行する": {
    "短期": 0.1111111111111111,
    "的": 0.1111111111111111,
    "目標": 0.1111111111111111,
    "実行": 0.1111111111111111
  },
  "目標を決める": {
    "目標": 0.25
  },
  "目標がない。": {
    "目標": 0.2
  },
  "発表会用にスライドの作成をする": {
    "発表": 0.1,
    "会": 0.1,
    "用": 0.1,
    "スライド": 0.1,
    "作成": 0.1
  },
  "取り組むためのモチベーションを上げる": {
    "ため": 0.14285714285714285,
    "モチベーション": 0.14285714285714285
  },
  "データ集めるのにだいぶ時間かかる": {
    "データ": 0.14285714285714285,
    "時間": 0.14285714285714285
  },
  "早くねる": {
  },
  "2/7締切の学会原稿に必要な図と文章を揃えて、一通りの形にする。": {
    "2": 0.04,
    "/": 0.04,
    "7": 0.04,
    "締切": 0.04,
    "学会": 0.04,
    "原稿": 0.04,
    "必要": 0.04,
    "図": 0.04,
    "文章": 0.04,
    "一": 0.04,
    "通り": 0.04,
    "形": 0.04
  },
  "複数のことを計画的に進める": {
    "複数": 0.1111111111111111,
    "こと": 0.1111111111111111,
    "計画": 0.1111111111111111,
    "的": 0.1111111111111111
  },
  "2月7日締切の学会原稿がなんとか仕上がったので，たまっていた仕事を少しずつ片付ける．": {
    "2": 0.04,
    "月": 0.04,
    "7": 0.04,
    "日": 0.04,
    "締切": 0.04,
    "学会": 0.04,
    "原稿": 0.04,
    "仕事": 0.04
  },
  "旅行の計画を立てる": {
    "旅行": 0.16666666666666666,
    "計画": 0.16666666666666666
  },
  "感想機能を作成する": {
    "感想": 0.16666666666666666,
    "機能": 0.16666666666666666,
    "作成": 0.16666666666666666
  },
  "引っ越しの準備をする": {
    "引っ越し": 0.16666666666666666,
    "準備": 0.16666666666666666
  },
  "ゼミ合宿を乗り切る。": {
    "ゼミ": 0.16666666666666666,
    "合宿": 0.16666666666666666
  },
  "意識を変える": {
    "意識": 0.25
  },
  "ゼミ合宿のグループワークで、学生達の1年の振り返りをして気付きを与える。": {
    "ゼミ": 0.043478260869565216,
    "合宿": 0.043478260869565216,
    "グループ": 0.043478260869565216,
    "ワーク": 0.043478260869565216,
    "学生": 0.043478260869565216,
    "達": 0.043478260869565216,
    "1": 0.043478260869565216,
    "年": 0.043478260869565216,
    "気": 0.043478260869565216,
    "付き": 0.043478260869565216
  },
  "明日に備えて寝る": {
    "明日": 0.16666666666666666
  },
  "本来はやらない予定だったが、確認不足があって再試験問題を作る。": {
    "本来": 0.047619047619047616,
    "予定": 0.047619047619047616,
    "確認": 0.047619047619047616,
    "不足": 0.047619047619047616,
    "試験": 0.047619047619047616,
    "問題": 0.047619047619047616
  },
  "お仕事頑張りゅ": {
    "仕事": 0.2,
    "ゅ": 0.2
  },
  "研究を進める": {
    "研究": 0.25
  },
  "合同発表会の準備に取り掛かる。": {
    "合同": 0.1111111111111111,
    "発表": 0.1111111111111111,
    "会": 0.1111111111111111,
    "準備": 0.1111111111111111
  },
  "返信メールを書く": {
    "返信": 0.2,
    "メール": 0.2
  },
  "事故に気をつける": {
    "事故": 0.16666666666666666,
    "気": 0.16666666666666666
  },
  "連絡をつける": {
    "連絡": 0.25
  },
  "ゼミ合宿の伝票処理やシラバス登録など、締切間近の仕事を終える。": {
    "ゼミ": 0.05555555555555555,
    "合宿": 0.05555555555555555,
    "伝票": 0.05555555555555555,
    "処理": 0.05555555555555555,
    "シラバス": 0.05555555555555555,
    "登録": 0.05555555555555555,
    "締切": 0.05555555555555555,
    "間近": 0.05555555555555555,
    "仕事": 0.05555555555555555
  },
  "今日やるべき仕事は終えたので、プロジェクトの懇親会を楽しむ。": {
    "今日": 0.058823529411764705,
    "仕事": 0.058823529411764705,
    "プロジェクト": 0.058823529411764705,
    "懇親": 0.058823529411764705,
    "会": 0.058823529411764705
  }
}
