{
  "身体を休める": {
    "身体": 0.8664339756999316
  },
  "ゲームデザインのノートを書く": {
    "ゲーム": 0.5941261547656673,
    "デザイン": 0.5941261547656673,
    "ノート": 0.5941261547656673
  },
  "知的プログラミングbの勉強をする": {
    "知的": 0.5198603854199589,
    "プログラミング": 0.5198603854199589,
    "b": 0.5198603854199589,
    "勉強": 0.4332169878499658
  },
  "履歴書を書く": {
    "履歴": 0.8317766166719344,
    "書": 0.8317766166719344
  },
  "留年しない": {
    "留年": 1.0397207708399179
  },
  "テスト勉強・レポート提出をする": {
    "テスト": 0.5198603854199589,
    "勉強": 0.4332169878499658,
    "レポート": 0.18135411028218273,
    "提出": 0.31868064636569643
  },
  "レポートやるか": {
    "レポート": 0.36270822056436547
  },
  "wedシスの課題を終わらせる": {
    "wed": 0.5198603854199589,
    "シス": 0.5198603854199589,
    "課題": 0.5198603854199589
  },
  "卒論提出が間に合わなかった人の特例の救済措置を考えて、学科長の承認を得る。": {
    "卒論": 0.1732867951399863,
    "提出": 0.1062268821218988,
    "人": 0.1732867951399863,
    "特例": 0.1732867951399863,
    "救済": 0.1732867951399863,
    "措置": 0.1732867951399863,
    "学科": 0.1732867951399863,
    "長": 0.1732867951399863,
    "承認": 0.1732867951399863
  },
  "身体を休ませる": {
    "身体": 0.6931471805599454
  },
  "やるべき事を集中して行うために早めに寝る": {
    "事": 0.29706307738283366,
    "集中": 0.29706307738283366,
    "ため": 0.24755256448569474,
    "早め": 0.29706307738283366
  },
  "レポートを進める": {
    "レポート": 0.36270822056436547
  },
  "できればよし、できなくてもプラマイゼロと考えることにする。": {
    "プラマイゼロ": 0.25993019270997947,
    "こと": 0.2166084939249829
  },
  "スライド作成と動画撮影をする": {
    "スライド": 0.4332169878499658,
    "作成": 0.38253384933644524,
    "動画": 0.4332169878499658,
    "撮影": 0.5198603854199589
  },
  "考えるのを放棄する": {
    "の": 0.6931471805599452,
    "放棄": 0.6931471805599452
  },
  "期限までにレポートを終わらせる": {
    "期限": 0.5198603854199589,
    "レポート": 0.18135411028218273
  },
  "レポートを半分終わらせる": {
    "レポート": 0.24180548037624364,
    "半分": 0.6931471805599452
  },
  "レポートおわった": {
    "レポート": 0.36270822056436547
  },
  "動画を編集する": {
    "動画": 0.6931471805599454,
    "編集": 0.8317766166719344
  },
  "レポートをやる": {
    "レポート": 0.36270822056436547
  },
  "レポートを完成させる": {
    "レポート": 0.24180548037624364,
    "完成": 0.5776226504666211
  },
  "レポート終わらない": {
    "レポート": 0.36270822056436547
  },
  "レポートを提出する": {
    "レポート": 0.2901665764514924,
    "提出": 0.5098890341851143
  },
  "少しでも研究を進める": {
    "研究": 0.5776226504666211
  },
  "レポートを終わらせて提出する。": {
    "レポート": 0.16120365358416242,
    "提出": 0.28327168565839683
  },
  "レポートをなんとしても完成させる": {
    "レポート": 0.1450832882257462,
    "完成": 0.3465735902799727
  },
  "サインをもらう": {
    "サイン": 1.0397207708399179
  },
  "レポートの提出メールを送る": {
    "レポート": 0.20726184032249453,
    "提出": 0.3642064529893673,
    "メール": 0.4951051289713895
  },
  "死ぬ気で大学へ行く": {
    "気": 0.43718154209879456,
    "大学": 0.5941261547656673
  },
  "レポート": {
    "レポート": 0.7254164411287309
  },
  "レポートを書き終える": {
    "レポート": 0.2901665764514924
  },
  "早く成績評価を終わらせて、学会に投稿する原稿を書く。": {
    "成績": 0.24464018137409832,
    "評価": 0.24464018137409832,
    "学会": 0.18001592909950365,
    "投稿": 0.24464018137409832,
    "原稿": 0.18001592909950365
  },
  "論文発表会の時に寝ないように頑張る": {
    "論文": 0.3465735902799726,
    "発表": 0.2550225662242968,
    "会": 0.23104906018664842,
    "時": 0.3465735902799726,
    "よう": 0.28881132523331055
  },
  "寒くても起きる": {
  },
  "バイトに遅刻しないようにする": {
    "バイト": 0.4620981203732968,
    "遅刻": 0.4620981203732968,
    "よう": 0.3850817669777474
  },
  "夜ご飯を食べる": {
    "夜": 0.8317766166719344,
    "ご飯": 0.8317766166719344
  },
  "ゼミ室の片付けをする": {
    "ゼミ": 0.39608410317711157,
    "室": 0.5941261547656673,
    "片付け": 0.5941261547656673
  },
  "短期的目標を立てて実行する": {
    "短期": 0.4620981203732968,
    "的": 0.3850817669777474,
    "目標": 0.3400300882990624,
    "実行": 0.4620981203732968
  },
  "目標を決める": {
    "目標": 0.7650676986728905
  },
  "目標がない。": {
    "目標": 0.6120541589383124
  },
  "発表会用にスライドの作成をする": {
    "発表": 0.3060270794691562,
    "会": 0.2772588722239781,
    "用": 0.4158883083359672,
    "スライド": 0.3465735902799727,
    "作成": 0.3060270794691562
  },
  "取り組むためのモチベーションを上げる": {
    "ため": 0.4951051289713895,
    "モチベーション": 0.5941261547656673
  },
  "データ集めるのにだいぶ時間かかる": {
    "データ": 0.5941261547656673,
    "時間": 0.5941261547656673
  },
  "早くねる": {
  },
  "2/7締切の学会原稿に必要な図と文章を揃えて、一通りの形にする。": {
    "2": 0.13862943611198905,
    "/": 0.16635532333438685,
    "7": 0.13862943611198905,
    "締切": 0.12241083178766247,
    "学会": 0.12241083178766247,
    "原稿": 0.12241083178766247,
    "必要": 0.16635532333438685,
    "図": 0.16635532333438685,
    "文章": 0.16635532333438685,
    "一": 0.16635532333438685,
    "通り": 0.16635532333438685,
    "形": 0.16635532333438685
  },
  "複数のことを計画的に進める": {
    "複数": 0.4620981203732968,
    "こと": 0.3850817669777474,
    "計画": 0.3850817669777474,
    "的": 0.3850817669777474
  },
  "2月7日締切の学会原稿がなんとか仕上がったので，たまっていた仕事を少しずつ片付ける．": {
    "2": 0.13862943611198905,
    "月": 0.16635532333438685,
    "7": 0.13862943611198905,
    "日": 0.16635532333438685,
    "締切": 0.12241083178766247,
    "学会": 0.12241083178766247,
    "原稿": 0.12241083178766247,
    "仕事": 0.11090354888959125
  },
  "旅行の計画を立てる": {
    "旅行": 0.6931471805599452,
    "計画": 0.5776226504666211
  },
  "感想機能を作成する": {
    "感想": 0.6931471805599452,
    "機能": 0.6931471805599452,
    "作成": 0.5100451324485936
  },
  "引っ越しの準備をする": {
    "引っ越し": 0.6931471805599452,
    "準備": 0.5776226504666211
  },
  "ゼミ合宿を乗り切る。": {
    "ゼミ": 0.46209812037329684,
    "合宿": 0.5100451324485936
  },
  "意識を変える": {
    "意識": 1.0397207708399179
  },
  "ゼミ合宿のグループワークで、学生達の1年の振り返りをして気付きを与える。": {
    "ゼミ": 0.1205473357495557,
    "合宿": 0.13305525194311138,
    "グループ": 0.18082100362433354,
    "ワーク": 0.18082100362433354,
    "学生": 0.18082100362433354,
    "達": 0.18082100362433354,
    "1": 0.18082100362433354,
    "年": 0.18082100362433354,
    "気": 0.13305525194311138,
    "付き": 0.18082100362433354
  },
  "明日に備えて寝る": {
    "明日": 0.6931471805599452
  },
  "本来はやらない予定だったが、確認不足があって再試験問題を作る。": {
    "本来": 0.19804205158855578,
    "予定": 0.19804205158855578,
    "確認": 0.19804205158855578,
    "不足": 0.19804205158855578,
    "試験": 0.19804205158855578,
    "問題": 0.19804205158855578
  },
  "お仕事頑張りゅ": {
    "仕事": 0.5545177444479562,
    "ゅ": 0.8317766166719344
  },
  "研究を進める": {
    "研究": 0.8664339756999316
  },
  "合同発表会の準備に取り掛かる。": {
    "合同": 0.4620981203732968,
    "発表": 0.3400300882990624,
    "会": 0.3080654135821979,
    "準備": 0.3850817669777474
  },
  "返信メールを書く": {
    "返信": 0.8317766166719344,
    "メール": 0.6931471805599454
  },
  "事故に気をつける": {
    "事故": 0.6931471805599452,
    "気": 0.5100451324485936
  },
  "連絡をつける": {
    "連絡": 1.0397207708399179
  },
  "ゼミ合宿の伝票処理やシラバス登録など、締切間近の仕事を終える。": {
    "ゼミ": 0.15403270679109896,
    "合宿": 0.1700150441495312,
    "伝票": 0.2310490601866484,
    "処理": 0.2310490601866484,
    "シラバス": 0.2310490601866484,
    "登録": 0.2310490601866484,
    "締切": 0.1700150441495312,
    "間近": 0.2310490601866484,
    "仕事": 0.15403270679109896
  },
  "今日やるべき仕事は終えたので、プロジェクトの懇親会を楽しむ。": {
    "今日": 0.24464018137409832,
    "仕事": 0.1630934542493989,
    "プロジェクト": 0.24464018137409832,
    "懇親": 0.24464018137409832,
    "会": 0.1630934542493989
  }
}
